departement,nb_beagle,nb_berger_allemand,nb_berger_australien,nb_berger_blanc_suisse,nb_berger_de_beauce,nb_bichon_a_poil_frise,nb_bichon_maltais,nb_border_collie,nb_bouledogue_francais,nb_bouvier_bernois,nb_boxer,nb_braque_allemand_a_poil_court,nb_bulldog,nb_caniche,nb_carlin,nb_cavalier_king_charles,nb_chien_de_berger_belge,nb_chien_de_cour_italien,nb_chihuahua,nb_cocker_spaniel_anglais,nb_coton_de_tulear,nb_english_springer_spaniel,nb_epagneul_breton,nb_fox_terrier_poil_dur,nb_golden_retriever,nb_griffon_a_poil_dur_korthals,nb_husky_de_siberie,nb_lhassa_apso,nb_pinscher_nain,nb_retriever_du_labrador,nb_rottweiler,nb_setter_anglais,nb_shih_tzu,nb_spitz_allemand,nb_staffordshire_bull_terrier,nb_staffordshire_terrier_americain,nb_teckel,nb_terrier_de_chasse_allemand,nb_terrier_jack_russell,nb_west_highland_white_terrier,nb_yorkshire_terrier
01,0.0251037387229299,0.0364685480707694,0.0307809822663556,0.00810297487561676,0.0185800697784843,0.00511984145007122,0.0106422510786763,0.0467598422758521,0.0276636594479655,0.0112822312599352,0.0135221618943413,0.00715332686471645,0.00635851276863684,0.00724622721360887,0.00415987117818287,0.0150911455645245,0.0270340015276946,0.00848489853217449,0.033278969425463,0.0141518198146122,0.00486178492537005,0.0100125931584054,0.0239992567972089,0.00591465554615083,0.0249695493300853,0.00609013398294762,0.0142653646854807,0.00671979190321848,0.00961002497987159,0.056225355601891,0.0055327318895931,0.0129544375399988,0.0178678337703091,0.00944486880406284,0.0159066041825802,0.0144718099052416,0.023803133838436,0.0053572534527963,0.043219306756952,0.0042321270050992,0.0396581267160759
02,0.0154428737671455,0.0321829870848357,0.0234075430664454,0.00550372956370782,0.0152616417711135,0.00442587611362292,0.0105591484003892,0.0241992407333219,0.0398519620748202,0.00888990633167363,0.015528720502108,0.00785974551212347,0.00619050344340793,0.00573265419027452,0.00512218851942998,0.0166447280566207,0.0383734905282436,0.00841298002632633,0.0609702588755985,0.0148705622007287,0.00508403441500219,0.0128007020355215,0.0289685037867949,0.00906159980159866,0.0230736946527023,0.00498864915393273,0.0168068830004388,0,0.0113794616455865,0.0538545183998169,0.00540834430263836,0.00465480074018963,0.020297983555581,0.00903298422327782,0.0125145462523131,0.0211946050096339,0.0140311719033175,0,0.0639844331253935,0.00495049504950495,0.0564585360270131
03,0.0368074849801715,0.0285673576975137,0.0172876445584289,0,0.0266319963904918,0.00663722067868253,0.00566360333404574,0.0461518368122343,0.0222507183396262,0.0143074256132602,0.0112797131390848,0.00413193702358054,0.00524803495523735,0.0114578138728598,0.00452375863788559,0.01266889886253,0.0250765833155233,0.00932060506755955,0.0309776542946024,0.0157915983947187,0.00636413288689416,0.0102229821186863,0.0241742062643965,0.0165277480943222,0.0213958348175061,0.00641162641590083,0.0151979292821353,0,0,0.0606848566882762,0.00524803495523735,0.00618603215311914,0.0164683811830638,0.010127995060673,0.00943933889007623,0.00723088979126594,0.0209921398209494,0.00831136757616775,0.032960509130631,0.00425067084609722,0.0419367861128921
04,0.0174824300327639,0.0247855338518871,0.0210589500537729,0,0.0254358102193432,0,0.00857864592451792,0.0631018182727659,0.0214841307555711,0.00655278493359678,0.0119550809093865,0,0,0.00507715779206163,0,0.00730310381912313,0.0301127979391241,0.00975414551184253,0.0375659655353525,0.00637771052697396,0,0,0.0293124577945627,0.00490208338543881,0.0141560163069304,0.0179326213640797,0.0158817497436411,0,0.00482705149688618,0.0392166670835105,0.00657779556311432,0.017807568216492,0.0142810694545182,0.00855363529500038,0.00675286996973714,0.00810344396368457,0.0172073131080709,0.00625265737938624,0.0451441862791687,0,0.0316634569692119
05,0.0210198789974071,0.0277960242005186,0.0367502160760588,0.00542783059636992,0.0270008643042351,0,0.00615384615384615,0.0977009507346586,0.0171823681936042,0.011028522039758,0.00933448573898012,0,0,0.00508210890233362,0,0.014209161624892,0.0223681936041487,0.00636127917026794,0.0205358686257563,0.00736387208297321,0,0,0.0219187554019015,0.00539325842696629,0.0159723422644771,0.00961106309420916,0.0221953327571305,0,0,0.0350561797752809,0,0.0127571305099395,0.00757130509939499,0.0067761452031115,0.00867761452031115,0.0109248055315471,0.0141400172860847,0.00591184096802074,0.0341227312013829,0,0.0246153846153846
06,0.015565233857224,0.0256693807990911,0.0236091649308843,0.00565044499147889,0.0149517136905889,0.00453701950388184,0.0218594963075175,0.0314182919901534,0.0423253171747775,0.00596099223631888,0.0116493088430222,0,0.00790001893580761,0.0118992615035031,0.00786214732058322,0.021768604430979,0.027661427759894,0.0101420185570915,0.098170800984662,0.013891308464306,0.00805907971975005,0,0.0138685854951714,0,0.0203294830524522,0.00852868774853248,0.00934671463737928,0.00609733005112668,0.0132020450672221,0.0414845673167961,0.00674872183298618,0.00647604620337057,0.0209657261882219,0.0220412800605946,0.0193220980874834,0.0136186328346904,0.0164590039765196,0,0.0592160575648552,0.00510509373224768,0.0575269835258474
07,0.030532123351446,0.0279750406492767,0.0271273121447531,0,0.0198868768848062,0,0.00751837903192184,0.0711397084369832,0.0200953347137874,0.00910265853217894,0.0143141042567089,0,0,0.00522534291312867,0,0.00921383604096891,0.0308934502550134,0.00953347137874008,0.0282529844212516,0.00749058465472435,0.00505857664994372,0.00462776380338258,0.0212488013674834,0.0102839195630724,0.0181219339327654,0.0115207693483608,0.0133690954319941,0.00573953889128229,0,0.0437900412746501,0,0.00982531233931376,0.0127854135108468,0.00561446419389358,0.0102422279972762,0.00875522881721028,0.025487443890101,0.00942229386995011,0.0346873827424712,0,0.0321164028517031
08,0.0383196944899073,0.0312056737588653,0.0185270049099836,0.0051936715766503,0.0170430987452264,0.00458265139116203,0.012329514457174,0.0414839061647572,0.0336715766503001,0.0112384069830878,0.0155373704309875,0.00530278232405892,0.00595744680851064,0.00613202400436443,0.0052809601745772,0.019290780141844,0.0274086197490453,0.0066557555919258,0.0564975450081833,0.0107364975450082,0,0.00626295690125477,0.0200981996726678,0.0110420076377523,0.0213857064920895,0.00800872885979269,0.0155591925804692,0,0.0117621385706492,0.0496672122204037,0.0051063829787234,0,0.0193344244408074,0.0149263502454992,0.00621931260229133,0.0177195853791598,0.0166066557555919,0.0143371522094926,0.0546208401527551,0,0.047114020731042
09,0.0157241111138115,0.0299657326172017,0.0184460592509782,0.00454468126473376,0.0272923906967701,0,0.00955112158845116,0.0895812574428269,0.029674095316791,0.00721802318516538,0.0146790774540064,0,0,0.00819014751986779,0,0.00860330036211632,0.0307920383016988,0.00515225897392276,0.0273653000218728,0.00695068899312222,0,0,0.0204389141371181,0.0118356137750018,0.0155053831385034,0.00850608792864608,0.0120300386419423,0,0.0106933676817265,0.0328334994045738,0,0.0220186161810096,0.0147033805623739,0.00636741439230078,0.00770408535251659,0.0094053029382458,0.0104503365980509,0.0102073055143753,0.0315211315527256,0,0.0402945536734148
10,0.0253021697975826,0.0404652686762779,0.0225899228192806,0.00597058395223533,0.0158366098733071,0,0.00389544196883646,0.0202417358380661,0.0269222367846221,0.00870103393039173,0.0119047619047619,0.00717198194262415,0.00717198194262415,0.00884665792922674,0,0.0153815348769477,0.0285787097713703,0.0107033639143731,0.0460717926314257,0.0159822338721421,0.014089121887287,0.0124508519003932,0.0282146497742828,0.0103211009174312,0.0202781418377749,0.00678971894568225,0.0124144459006844,0,0.00456895296344838,0.0519695645842435,0.006826124945391,0.00578855395369157,0.0143257608853939,0.013506625891947,0.0114132809086938,0.0172382408620941,0.0175658948594728,0.0133245958934032,0.0583406145332751,0,0.0460535896315713
11,0.0313089883712801,0.0235953485120365,0.0202046095406772,0,0.0159399687725758,0,0.00732912306867703,0.0488452844259048,0.0353871967560765,0.00522010673253944,0.0150893710237468,0,0.00452098529514577,0.00795833236233134,0,0.0122113211064762,0.0342452984083335,0.0113490713336907,0.0466663559460278,0.0102654331057305,0.00549975530749691,0.00622218079280371,0.0387895877513924,0.00717764675724173,0.0182004614201487,0.00816806879354944,0.0111509869264291,0,0.0111043788306029,0.0460721027242432,0.00795833236233134,0.015403975670574,0.0173848197431894,0.00730581902076391,0.00910023071007434,0.0137726923166554,0.0185500221388455,0.00929831511733588,0.0356318892591643,0,0.0423434550581436
12,0.0233228174092197,0.0272984805562709,0.0212786505279423,0,0.0254635591037857,0.00452292042235385,0.00888488282255988,0.0939833891321143,0.0183975019314963,0.00880440381148596,0.0148081380375998,0.00465168684007211,0,0.00874002060262684,0,0.0123454802987381,0.0214074169456606,0.00783865567859902,0.019379345866598,0.0105105588462529,0,0.00497360288436776,0.0392898532062838,0.00930337368014422,0.016787921710018,0.00909412825135205,0.0107198042750451,0,0,0.0403682719546742,0.00432977079577646,0.0360867885655421,0.0180112026783415,0.00954481071336595,0.0048448364666495,0.00527942312644862,0.0248197270151944,0,0.0309361318568117,0,0.0368110996652073
13,0.0220064724919094,0.0338021740934362,0.022807235914032,0.00519044062733383,0.0166708156999419,0.00375072608082317,0.0105219483860261,0.0318396813542445,0.0342336735540619,0.00811136005310763,0.015513235416148,0.0037714712471994,0.00758443282715127,0.00611567504771388,0.00766741349265621,0.0164301717699776,0.0418927889801676,0.0137913866069206,0.0720604099244876,0.0129366857522197,0.00536884905816945,0.00544353165712389,0.0336154675960501,0,0.0191560866318148,0.00740602439631566,0.0104057754543191,0.00519873869388433,0.0150983320886234,0.0564434486764584,0.00884573894282632,0.0111567504771388,0.0169156086631815,0.0158368600116173,0.0213301800680441,0.0182806406107377,0.0143183138328769,0,0.0541531823085221,0.00459297983569828,0.0482740021574973
14,0.0173531481558141,0.0263443308357826,0.0312042058202591,0.00594444674421493,0.0151177712464296,0,0.0067558057705841,0.028381007575444,0.0360971974996895,0.0118226600985222,0.0180817154447986,0.00570435070579956,0.00611003021898415,0.00957900401539926,0.00543941714616881,0.0153744256323219,0.0267500103489672,0.00760028149190711,0.0375543320776587,0.0171627271598294,0.0117729850560914,0.00847787390818396,0.0416608022519353,0.0140000827917374,0.0310717390404438,0.00433000786521505,0.0140083619654758,0.00518276276027653,0.00881732003146086,0.0606697851554415,0.00457010390363042,0.0135695657573374,0.0227760069545059,0.0130645361592913,0.0109533468559838,0.0113755847166453,0.0230326613403982,0.00567123401084572,0.060769135240303,0.0062259386513226,0.0601978722523492
15,0.0194615531144835,0.0247952250936567,0.0216521683916439,0,0.0145723538002413,0.00679408216394692,0.00425423836434059,0.0857197282367134,0.0150168264651724,0.0145723538002413,0.00968315448599911,0.00504793955171757,0,0.00736554701885834,0,0.013651660422884,0.0172074417423328,0.00479395517175694,0.0209537113467522,0.00707981459140263,0,0,0.0379706648041145,0.0110483205282875,0.0148263381802019,0.008032256016255,0.0193345609245031,0,0,0.0369229792367769,0,0.0573052257286177,0.0142548733252905,0.00898469744110737,0.00536542002666836,0.00631786145152073,0.0217474125341292,0.00701631849641247,0.0271445806082926,0,0.0343831354371706
16,0.0272728342334075,0.0313202263715835,0.018448578118198,0,0.0185897662160413,0,0.00485922370077536,0.0406268751544245,0.0285082300895368,0.0101655430447213,0.0169190403915617,0.0102008400691822,0.00485922370077536,0.00737707811231513,0,0.0146364994764275,0.0256021084089278,0.00968315037708988,0.0229783629240055,0.0160130834304002,0.00561222688927323,0.00568282093819491,0.040944548374572,0.0106714670619933,0.0236490063887614,0.00581224336121798,0.0169072747167414,0,0.0106714670619933,0.0661583895144306,0.00577694633675715,0.0308966620780535,0.0155659877872295,0.00622404197992776,0.00697704516842564,0.00911839798571647,0.0185544691915805,0,0.0345793182968009,0,0.0482510324379655
17,0.0193108554153685,0.0267066662553598,0.0220640404725915,0,0.0169972545269457,0.00398710553104852,0.00606934633062899,0.036115309868279,0.0308634358515594,0.0084369312397816,0.0172748866335565,0.00879939537896783,0.00552179412036894,0.0100872998735232,0.00428787364654348,0.0176604867816269,0.0266064102168615,0.00937779560107351,0.0321204923342691,0.0149304377332881,0.00640096245796958,0.00592281827436222,0.0427476324150909,0.00682512262084709,0.0266758182435142,0.0048971218804948,0.0179612548971219,0.00436499367615757,0.0104343400067866,0.0654980411512478,0.00588425825955517,0.0384983187833544,0.0244933214054354,0.00853718727827991,0.0066708825616189,0.00967085171360706,0.0141515254341858,0,0.0388453589166178,0.00498966591603171,0.0589582626399729
18,0.0184805810638511,0.0286090855693881,0.0196553156741114,0.00458433018638167,0.0229073249000759,0.00481354669570076,0.00501411114135496,0.0320043551136771,0.0273483947681332,0.0102717648238614,0.0133088835723393,0.0061028895606206,0.00766442703035686,0.00991361402805037,0.00561580447831755,0.0117759981662679,0.0292824090655129,0.0119765626119221,0.0398263684941908,0.014268727705113,0.00634643210177213,0.0150423334240649,0.0242539718923256,0.0244115582424824,0.0215606779078263,0.00611721559245305,0.0113175651476298,0,0,0.0664871137343667,0.00530063177800381,0.00555850035098778,0.0147271607237511,0.0110310445109809,0.0124349956305603,0.0141827715141183,0.0222053493402862,0.012750168330874,0.0445109809033996,0.00541524003266335,0.0465022993281091
19,0.0234518917386992,0.0310153039535213,0.0289428935808417,0.00565041802465637,0.0165438571631005,0,0.00928156440413774,0.0589485617117756,0.0201395777242454,0.0104683293184073,0.0156404987955222,0,0,0.0120802040527136,0.00471163383874168,0.0129481366019555,0.0218931557318974,0.00642978602805725,0.0259494119314156,0.0104860422275755,0.00536701147796514,0,0.0236644466487176,0.0145777242454301,0.025542015020547,0.0099723678616976,0.02019271645175,0,0.0112476973218081,0.0464255349298569,0,0.0440165792829814,0.019661329176704,0.0131075527844693,0.010273487317557,0.00589839875301119,0.0221411364602522,0.00766968966983137,0.0255774408388834,0.00543786311463795,0.047311180388267
20,0.0302604185689762,0.0146827860769203,0.0164542167354542,0.00381679389312977,0.0073596552101976,0,0.0113225464772271,0.0305891376602506,0.0317031301362358,0,0.0166185762810913,0.00772489864494686,0.00403593995397933,0.00600825450162533,0.00606304101683772,0.0194126885569232,0.0184447934548376,0.00706746046239819,0.0588041929946309,0.0141897074400088,0.00511340808648965,0.0140070857226341,0.047646006063041,0,0.0102633405164542,0.0139340370356843,0.00622740056247489,0.0051864567734395,0.00907629935351912,0.051864567734395,0,0.0328353847839585,0.0289272800321414,0.0212754300741444,0.00487599985390263,0.00398115343876694,0.0167281493115161,0.00619087621899996,0.0411264107527667,0,0.0476094817195661
21,0.0267750546635009,0.0285323353052437,0.0277945457228326,0.00806202798234671,0.0193837444833461,0.00571451567467504,0.00559378647028049,0.042671066575449,0.0232739077360591,0.00947053536694971,0.0146484767998712,0.00619743249225321,0.00651937703730533,0.00787422699773297,0,0.0153191946020631,0.0283981917448053,0.0084108012394865,0.0287603793579889,0.0165533153580962,0.00838397252739882,0.00819617154278509,0.0188605845976364,0.0175325633492964,0.0248702161052759,0.00985955169222101,0.0106778274108951,0.00554012904610514,0.00474868203951869,0.0492441010369297,0.00559378647028049,0.00481575381973788,0.010355882865843,0.00916200517794143,0.0139911733537232,0.01027539672958,0.0237970676217688,0.0165667297141401,0.045742954109488,0.00508404094061465,0.0426174091512737
22,0.037531792212889,0.0308224088874801,0.0234715209696531,0.00400751692440057,0.0249809435400488,0.00735843503067901,0.00484524645097018,0.0408298805292036,0.0287243115146301,0.0120300978860537,0.0217885148036619,0,0.00576599421891156,0.0107697300397733,0.00531316744779285,0.0189130648070581,0.0236149161138407,0.00812824054158082,0.0244979283175221,0.0139244232119003,0.00889049893963064,0,0.0334186157085607,0.00773579067327794,0.0306261839533287,0.00495845314374986,0.0137131040520449,0.0140602712432359,0.0115319884378231,0.0544826076784326,0,0.0434864642531,0.0209432381642403,0.00782635602750168,0.00777352623753783,0.00738107636923495,0.0190036301612818,0,0.043116655723353,0.00717730432223153,0.0444751360367092
23,0.0217776652317042,0.0304887313243859,0.0167637376551026,0,0.0176753608508483,0,0.00559635350721702,0.0567991896682705,0.0159787287920993,0.00628007090402634,0.0110154469485946,0.00546973917447455,0,0.00658394530260826,0,0.00939478348949101,0.0171182577867815,0.00592555077234743,0.0202836161053431,0.0134464421372499,0,0.00919220055710306,0.0533806026842239,0.0128133704735376,0.0177006837173968,0.0112180298809825,0.0125601418080527,0,0,0.0484932894403647,0.00496328184350468,0.0267662699417574,0.0126107875411497,0.0071663712332236,0,0.00445682451253482,0.0330716637123322,0.00858445175993922,0.0257786781463662,0,0.030032919726513
24,0.0199859439515066,0.0363875955372046,0.0241412632873583,0.00497232715452868,0.0180180971624352,0,0.00506017745761223,0.0518404638496003,0.0253184573486779,0.0106474567337257,0.0143371694632347,0,0,0.0101730650970746,0,0.0157164192216463,0.0244487393481508,0.0096283932179566,0.0228762189229553,0.016278661161381,0.00593868048844769,0,0.026065184924888,0.0118246507950452,0.0185100588597031,0.00821400333831152,0.0109549327945181,0.00462971097250285,0.0100325046121409,0.0556795220943512,0.00506896248792058,0.0400773082667135,0.0208732320126504,0.0106474567337257,0.0085654045506457,0.00888166564174646,0.0235087411051568,0.00520952297285426,0.0315997540191514,0.0057805499428973,0.044548888693666
25,0.018086869783339,0.031875724281586,0.0286925525516715,0.00894808642971352,0.0189816784263103,0.00473808510950404,0.00759853896818295,0.0439042994821845,0.0251866629505215,0.0269176042598759,0.0100189230024497,0.00641035044227017,0.00541285884026932,0.00607296357688753,0.00577958369394611,0.0170307022047498,0.0320517522113509,0.00652770239544674,0.0413225565123,0.0112217805225096,0.00621965351835825,0,0.0149917120183069,0.00714380014962374,0.0217394493259597,0.00818529873406581,0.0169426882398674,0,0.00548620381100468,0.038462102653621,0.00547153481685761,0.0130260668025993,0.0151530709539247,0.0112951254932449,0.012747355913805,0.0142729313051004,0.0214167314547242,0.00893341743556644,0.0352202549471183,0.00525149990465154,0.0378900118818853
26,0.025137343145006,0.0347767033590788,0.0277828457905086,0.00543290964746903,0.0188124632569077,0,0.00704453769587869,0.0513288329380283,0.0241338766242981,0.00899065458452432,0.0153763506253928,0.00469297978876523,0.00469297978876523,0.00649719232094711,0,0.00950759188307081,0.0402907012102414,0.0109874516004784,0.0377465588193558,0.00837235703136086,0.00469297978876523,0,0.0278740700196639,0,0.0180522613472805,0.00930487137383689,0.0129538405400474,0.00647692027002372,0.00462202761053336,0.049940197449776,0.00625392770986641,0.0198970179813092,0.0126598958016583,0.00764256319811875,0.0133390095075919,0.0125483995215796,0.0164710413752559,0.00694317744126173,0.0407366863305561,0,0.0414563441383365
27,0.0198205352179782,0.0306201858175177,0.0292384658143413,0.00553482093226396,0.0184785198125943,0,0.00789327404113396,0.0239815770666243,0.0336456761693004,0.0124116572699119,0.0156197887715397,0.0060350988644485,0.00841737473199397,0.00719447311998729,0.00508218851743032,0.0159850710712301,0.0373223219248789,0.0123719526721194,0.0408639720479632,0.0168903359008973,0.0063527356467879,0.0100849678392758,0.0277455729373461,0.0122846025569761,0.024696259826888,0,0.0142618915270388,0.00467720161994759,0.00959263082664973,0.0586833955372032,0.00927499404431033,0.00725005955689669,0.0198205352179782,0.0144683554355594,0.0146986421027555,0.0237592313189867,0.0195743667116652,0.00863972047963154,0.0591280870324784,0.00628920829032002,0.0497816247121417
28,0.0177805751150624,0.0286115154137655,0.0272084759319723,0.0057039455568231,0.0230386950421567,0.00502209459370861,0.00683162214966629,0.018436201041134,0.0324797083775881,0.00932300066873844,0.0149744961514758,0.00951968844655993,0.00781506103877372,0.00832644926110958,0.00499586955666575,0.0177674625965409,0.0334762597852169,0.0108440528172246,0.0403996695645333,0.0171118366704693,0.00596619592725175,0.0121028545952821,0.0431270734169912,0.00979505133551001,0.0253858358574932,0.00465494407510851,0.0134403314844682,0.00485163185292999,0.0100048516318529,0.0561740293458165,0.0076052607424308,0.00844446192780247,0.0174134245964622,0.0127847055583966,0.0186328888189555,0.0201277159303988,0.0160497226702333,0.00452381888989418,0.0576950814943026,0.00673983452001626,0.0449628260099917
29,0.0329137587238285,0.0305084745762712,0.0324775672981057,0.0050660518444666,0.0235231804586241,0.00727193419740778,0,0.0380358923230309,0.0359421734795613,0.012450149551346,0.023678963110668,0,0.00831256231306082,0.0130358923230309,0.00659272183449651,0.0184072781655035,0.0252554835493519,0.00911640079760718,0.0275735294117647,0.0151732303090728,0.0129922731804586,0,0.0249065304087737,0.00560817547357926,0.033586739780658,0.00616899302093719,0.0141949152542373,0.0176470588235294,0.0124376869391825,0.0587612163509472,0.00390702891326022,0.0360979561316052,0.024719591226321,0.00844965104685942,0.00677966101694915,0.00801969092721835,0.01910518444666,0,0.0398305084745763,0.00585742771684945,0.0446971585244267
30,0.0271023988736665,0.0334312557535063,0.0244693236584177,0.00685682568906699,0.0174771213516002,0,0.00692451399794228,0.0426910164076461,0.029193967617913,0.00712757892456815,0.0154735474088915,0.00398684139275464,0.00634239454161477,0.00657253479179076,0.00431851410624357,0.0114122488763741,0.0370796556018844,0.0159338279092435,0.0512468186494829,0.0119537553473764,0.0058144257323875,0.00687713218172957,0.0341352141658093,0.00532706990848541,0.0165565603508962,0.00891455027887583,0.010593220338983,0,0.0101600151621812,0.0559850002707532,0.0086031840580495,0.0129420046569557,0.0183638381978665,0.009070233389289,0.0164279525640331,0.0155615422104294,0.0145800617317377,0.00745248280716955,0.0462040396382737,0,0.0468538474034765
31,0.0175397247359449,0.0294064447526077,0.0213929830138728,0.00542635234018296,0.0196170858843584,0,0.0104196927259473,0.0556941072006051,0.0358687370850074,0.00745438301277659,0.0175452058999249,0,0.00499334038576432,0.0113514906025444,0.00591417593440143,0.0166298515152678,0.0384722899754992,0.00950433834129016,0.0356001600499882,0.0144812352351145,0.00646229233239971,0,0.026742599058336,0.00568396704724215,0.0237060342134256,0.00829300110171396,0.0117461344091031,0.00566204239132222,0.017523281244005,0.0503883404679818,0.00709810735407771,0.021984948723711,0.0186359575319415,0.010194965002768,0.0125628278421206,0.0150896444368926,0.0130945007481789,0,0.0401440449893939,0,0.0490783422767659
32,0.0211398170166458,0.0301680706138406,0.0137640562653662,0,0.026802627866672,0,0.00735560839950022,0.0611019305953005,0.022792309862561,0.00892749183829753,0.0172101084196526,0.00558220144290839,0,0.00846398774737012,0,0.0127161339728346,0.0312764499617105,0.0071540848817057,0.0188626012655677,0.0114062311071702,0,0,0.0484865583813631,0.00991495707549071,0.0164040143484745,0.00671073314255774,0.00981419531659345,0,0.0107412034984483,0.0544315021563016,0.00546128733223167,0.0420982628672766,0.0166659949216074,0.00487686913062754,0.00769819837975092,0.00731530369594132,0.0209584458506308,0.00487686913062754,0.03681834670106,0,0.0373624601991052
33,0.017145957238347,0.0276197686611578,0.0186318052445981,0.00431989052498613,0.017510334133613,0,0.00795556221330623,0.0364984190091378,0.0365631971238517,0.00727944064097945,0.0174010210650332,0.00803653485669867,0.0060284133005664,0.0105102491123374,0.0047652400636445,0.0169921092159014,0.0284821273132872,0.00903654700259517,0.0371259569954291,0.0183322064640461,0.00749806677813901,0,0.0354498232772058,0.0048219209140192,0.0267371668481803,0.0071013008255161,0.0152350028542857,0.0046154406733685,0.0127248509091204,0.0583650813572635,0.00586646801378154,0.050818430993089,0.0199435620675555,0.012963720207128,0.0122106746235784,0.0124373980250772,0.013680328101151,0,0.0425997076887573,0.00570452272699668,0.053535063178905
34,0.0293062525063132,0.0303304540084754,0.0213727551562314,0.0047525117322553,0.0161054331451115,0,0.00905524185244995,0.0383289800253612,0.0325685239576447,0.00568458928977858,0.0160349854227405,0.00390713906380396,0.00496385489936814,0.00722902012637238,0.00561414156740763,0.01415999219656,0.0374077405789719,0.0134013244171806,0.0525214865553231,0.0122199703035755,0.0068063337921467,0.00702309601482654,0.0443387126491595,0.00415099656431877,0.0178774643155191,0.00794433546121582,0.0109302350786305,0,0.0129894761940889,0.0446205035386433,0.00811774523935968,0.014143735029859,0.0195736287079888,0.011553426468835,0.0214269457119013,0.0157206801998548,0.01800210259356,0.00756500157152612,0.0493567581041976,0,0.0498986636608972
35,0.034021349255783,0.0274705212740823,0.0238550369781711,0.00596375924454277,0.02199359951889,0.00675129047731552,0.00672265297794197,0.0340141898809396,0.0309070211989089,0.0111829435053731,0.0210771995389363,0.00463927489851586,0.00653650923201386,0.00912820292532056,0.00499008426584191,0.0185427808443767,0.0270624369080092,0.00877023418315113,0.0295753774780386,0.0159224496516964,0.00923559354797139,0.00420971240791254,0.0369853304409459,0.00571318112502416,0.0317518274304288,0.00523350301051712,0.0174402371184948,0.00840510606613831,0.0132591622099558,0.0573752299949168,0.00534089363316795,0.036784867945331,0.0193303120771494,0.0089778560536094,0.00951480916686355,0.00987993728387637,0.0211487932873701,0,0.0439800396629366,0.00604967174266343,0.0501728989024678
36,0.0169032105998619,0.0260450864521777,0.0209774904456454,0,0.0212300284526155,0.00594306109736182,0,0.0339747798710373,0.0220381500749196,0.00954593666346785,0.0133003350337559,0.0109433136353688,0.00589255349596781,0.0074077815377881,0,0.0167853595299426,0.0203713992289173,0.0087883226425577,0.0248834116201155,0.0183679310402882,0.00700372072663603,0.0149670858797582,0.0296647978854151,0.0166001649914979,0.0227620923615671,0.00550532855194707,0.0112631951108642,0,0.00510126774079499,0.0693806084482381,0.00503392427226964,0.0131151404953112,0.0157246999006684,0.00893984544673973,0.00830008249574894,0.0123406906072697,0.025708369109551,0.0149334141454956,0.0358772328568783,0.00491607320235029,0.0385541357307608
37,0.0242066976044149,0.0262590789368665,0.0277299522251234,0.00622555670843643,0.0178899239478695,0,0.00592910162708231,0.0303866458387969,0.0290868043282442,0.0124967218909273,0.0158033362598771,0.00905328209981415,0.00648780543424968,0.00846037193710592,0,0.0161568019337993,0.0286877301802675,0.00999965793644459,0.0314698470975907,0.0175820667480018,0.00887084820359623,0.0104785469140166,0.030500667023933,0.02003352222843,0.026544131899707,0.00521076816072426,0.0141956375494567,0.00580367832343249,0.00989703886982201,0.0694503038664584,0.00762801728561167,0.0112310867359155,0.0160883892227176,0.0111056634322657,0.00664743509344036,0.0110942613137521,0.0219148717831773,0.00495992155342463,0.0433736588258098,0.0065562181453314,0.0497132367193825
38,0.0231062090261005,0.0348201388360927,0.0313697051926102,0.008041264847099,0.0181352453024393,0.00528091793231302,0.0088775563911973,0.0596281719134701,0.0269075342265473,0.00962612504605452,0.0132286116975549,0.00441538542513436,0.00491832999011656,0.00744474920025966,0.00428087699496471,0.0116437514985994,0.0370833893785126,0.0119595538998672,0.0405338230219951,0.0104448720123046,0.00536279262893803,0.00670202873801852,0.0229717005959308,0,0.0221529536296808,0.00648564561122385,0.0170065441275374,0.00647394922599171,0.00911733228845625,0.0426333241711649,0.00714649137683999,0.0219365705028861,0.0170299368980017,0.00993607925470633,0.0189305994982251,0.0169246694309124,0.0170825706315463,0.00404110109770575,0.0400250302643968,0,0.045317644581942
39,0.0178838165783389,0.0288310040719445,0.0358085572220744,0.00685478095393997,0.0224877739354627,0,0.00542243866505699,0.0560659695934194,0.024370280943709,0.0163696261586626,0.0120725992920137,0.00830758527552127,0.00491088784759878,0.00810296494853799,0,0.0113768901802705,0.030733973112889,0.00875774999488449,0.0333121892328784,0.00910560455075607,0.00409240653966565,0.00464488142252051,0.0209735835157865,0.00769372429457142,0.0187227599189703,0.0131161629596284,0.0196844754557918,0,0.00546336273045364,0.0409445274293548,0.00511550817458206,0.0195821652923001,0.0158376133085061,0.0104970227742424,0.00808250291583966,0.00969900349900759,0.0183953673957971,0.00867590186409118,0.0282785291890896,0,0.0348059176198564
40,0.019865976933164,0.0313477681752006,0.0191225516009458,0.00401656186434553,0.0182965234540367,0,0.00980908424454563,0.0511208169418373,0.0289832626046733,0.0065359477124183,0.0150853390329275,0,0.00527625478838191,0.00904500820865471,0.00466705903003645,0.0145380953856003,0.027868124606346,0.00900370680130926,0.0284256936055096,0.0149511094590548,0.00737230121116377,0,0.0265258288676187,0.00480128860390918,0.0219516980041095,0.00744457867401832,0.0115024419457093,0,0.0118535039081457,0.0558085266755465,0.00553438858429101,0.0830571301717106,0.0236553810571095,0.0070212392487274,0.00938574481925472,0.00982973494821836,0.0116882982787639,0,0.0353230286322006,0.00504909704798191,0.0458135860979463
41,0.0150519397922408,0.0290893122141797,0.0215027711317726,0,0.0168539325842697,0,0.00554226354523153,0.0245464732426785,0.0255156122232654,0.0098731033647294,0.0133559465762137,0.00957024743329598,0.00452769617492959,0.00716254277840032,0.00427026863321118,0.014400799539659,0.0260153245101305,0.00963081861958266,0.0328447257639541,0.0152336533511009,0.00735939913383204,0.0287713134861746,0.0380841333777522,0.0248190435809685,0.027696174929586,0.00520912202065478,0.0125988067476302,0,0.0097671037887277,0.0817711014870226,0.00625397498410006,0.00770768345498047,0.0171113601259881,0.00858596565613738,0.00908567794300251,0.0115539537841849,0.0262576092552773,0.00875253641842575,0.0431266846361186,0.0091462491292892,0.0436415397195554
42,0.0283793601309534,0.0388537901987291,0.0301266311694761,0.00481878960097847,0.0182819727609641,0.00577519059048565,0.00978471781572728,0.0609429745910006,0.0306140278275903,0.0138586181844934,0.0127550785812159,0.0043038044527823,0.00533377474917464,0.00865358972236783,0,0.0140425414517064,0.033271719038817,0.0103180952906447,0.0357270946561095,0.0136838910806412,0.00466245482384749,0.0184566998648164,0.0213167066699773,0.00732934219843481,0.0252250760982518,0.00575679826376436,0.012442409026954,0.00943526360802273,0.00489235890786364,0.0459900129665903,0.00658445296622249,0.00667641459982895,0.0178497530830138,0.0119182277153971,0.0188153502358816,0.0138678143478541,0.0188797233794061,0,0.0395802871042201,0.00595911385769857,0.0479304034356866
43,0.02345574813041,0.0371366321863898,0.0301097218678234,0,0.0211985004023789,0,0.00667360197852671,0.0798280566078474,0.0184898031287416,0.0126994720003141,0.0111292127112489,0.00447523897383555,0,0.00743910338194594,0,0.00973560759220366,0.0291283098121577,0.00824386126759181,0.0224350795925177,0.00783166820421222,0,0.00755687282862583,0.0283039236853986,0.0101870571378099,0.0186075725754215,0.00844014367872495,0.0152707715861582,0.0058099593695409,0,0.0366262979174436,0.00494631676055509,0.0115610340157419,0.0182346359942686,0.00840088719649832,0.00967672286886372,0.00653620429073351,0.0164680942940703,0.00594735705733409,0.0298741829744637,0,0.0450468133550553
44,0.0283833558016098,0.0278192986513394,0.0316548872731785,0.00547699492912622,0.0212987979942128,0.00803217381985143,0.00731582123900794,0.0354058673224771,0.031626684415665,0.0112472995763931,0.0191610213946877,0.00525137206901803,0.00803217381985143,0.00857366868411108,0.00629487779701839,0.0183487790982982,0.0286879466627559,0.00902491440432745,0.0364380919074721,0.0167581379345355,0.0105365875670523,0.00740042981154851,0.0321174141364003,0.0060636143654075,0.0311641575524432,0.00502010863740714,0.0146147207635078,0.00941411383801407,0.0118734030131933,0.0645958248489737,0.00547135435762352,0.0185856831014118,0.0214003282812615,0.0137235104660804,0.0106606801401118,0.0103053241354414,0.0193189573967634,0,0.0380512953572456,0.00553904121565597,0.0448030594459831
45,0.0175567342616418,0.0281929568698851,0.0256105377562679,0.00478397785436271,0.0177053626998356,0.00521128461416986,0.00663254405439801,0.0205293030255176,0.0290011240025638,0.00989308041727434,0.0140453874093134,0.0063167086232362,0.00712487575591495,0.00766365384436745,0.00438453892671689,0.016832170625447,0.0346954510408635,0.01119357925147,0.0373150272640291,0.0147606617681211,0.00604731957900995,0.020473567361195,0.0300786801794688,0.0164791780847368,0.0231395899712961,0.0047003743578787,0.0205385923029048,0.00521128461416986,0.0125683923047626,0.0688521239932746,0.00751502540617365,0.00487687062823383,0.0130885918384409,0.019981235659678,0.0150672079218958,0.0170644025601249,0.0158660857771874,0.00504407762120185,0.0533576093115717,0.00602874102423573,0.0543051156050571
46,0.0187445992954158,0.0293576762014491,0.0296900272527862,0.00520683313761549,0.0236855515919615,0.00489663882303414,0.00505173598032482,0.0683092194181641,0.0189218531894623,0.00864112733476614,0.0163295149890324,0,0.0066913345002548,0.00722309618239426,0.00633682671216183,0.00875191101854519,0.0407683956306915,0.00795426849533601,0.0223118339131013,0.00963818048877761,0.0050074225068132,0,0.0239292756962755,0.00921720249041721,0.0177918596149159,0.0114993463762657,0.0134934526842887,0,0.00420977998360401,0.0491436421243879,0.00483016861276671,0.0393946779518313,0.015908536990672,0.00591584871380143,0.0060487891343363,0.00764407418075466,0.0202734141315667,0,0.0306649236700419,0,0.0357388163871225
47,0.0246304786120635,0.0322584787661646,0.0178115087773369,0,0.0227170576979877,0,0.00525227620038269,0.0485289774113598,0.0286627884578341,0.00721706411886325,0.0204055424997753,0.00743537388758331,0.00566321223562045,0.0100422493611229,0,0.0117245187553775,0.0340049569159251,0.0100550911122241,0.0242452260790281,0.0162833403962964,0.00503396643166262,0,0.0469494420259147,0.00740969038538095,0.0173748892398968,0.00561184523121573,0.0105430776540689,0,0.0120840877862105,0.0605745399442668,0.00535501020919213,0.0485675026646634,0.0154743100769221,0.00706296310564909,0.0064722425549948,0.0116474682487704,0.0152174750548985,0,0.0346727279731864,0,0.0486702366734728
48,0.0341306884480747,0.0206145468689226,0.0125923765071956,0,0.0233372228704784,0,0,0.0890217814080125,0.00943212757681836,0.0058829249319331,0.00821664721898094,0.00452158693115519,0,0.00427849085958771,0,0.00860560093348891,0.0141481913652275,0.00529949436017114,0.0175029171528588,0.00802217036172696,0,0.00719564371839751,0.0534811357448464,0.0174056787242318,0.0134675223648386,0.0147316219369895,0.0107934655775963,0,0.00403539478802023,0.0339362115908207,0,0.0449727732399844,0.0113282769350447,0,0,0.00379229871645274,0.0158984830805134,0.0133216647218981,0.0261085180863477,0,0.0287339556592765
49,0.0268720665623667,0.0325256009102546,0.0308010951500498,0.00436459963020907,0.0218318873559949,0.00774249751102261,0.00504017920637178,0.0331478452567202,0.0284899018631774,0.0159739012942682,0.0173783956762907,0.00617799743990898,0.00616910823495947,0.00792917081496231,0.00438237804010809,0.0152183188735599,0.0320278054330821,0.00997368795334945,0.0293521547432798,0.0172272791921491,0.00764471625657801,0.00784916797041673,0.0355834874128858,0.0116093016640592,0.0320989190726781,0.00549352865879676,0.0156983359408335,0.00656912245768739,0.0150405347745698,0.0735403925472906,0.00540463660930166,0.0124004409045655,0.019582918503769,0.0107737163988053,0.00982257146920779,0.00899587540890343,0.0208362964016498,0,0.0377791210354146,0.00507573602616982,0.0432459820793628
50,0.0225480147943496,0.0265139699656878,0.0251236575910164,0,0.0177977808475558,0.00469676039392184,0.0076110690254445,0.0399714807718016,0.0331536027806248,0.013074283677198,0.019589144868767,0.00730805222583664,0.00416202486520209,0.00827948843634419,0.00491065460540974,0.0147587005926652,0.0206497036673945,0.00622966890958514,0.0258990241076601,0.0191257074105432,0.00490174234659775,0.00991043179893944,0.0568512989617219,0.0138674747114656,0.028251860434027,0.0039213938772782,0.0145982799340493,0,0.0119869881021345,0.0591773985116528,0,0.0361481217414554,0.0187959538344994,0.00843099683614812,0.0067465799206809,0.00668419410899693,0.0277973352346152,0,0.0615391470968317,0.00583752952185732,0.0582237868187692
51,0.0201570975783922,0.0408528870125152,0.0233015546897511,0.00565000062638588,0.0149831502198614,0.00547461258033399,0.00737882565175451,0.0244290492715132,0.0356914673715596,0.00874434686744422,0.0120516643072799,0.00539944627488318,0.00661463487967127,0.0068025506432983,0.00668980118512208,0.0197060997456873,0.0492589855054308,0.00776718489658369,0.0667602069578943,0.0158475627325458,0.00721596532327775,0.00635155281059344,0.0215852573819576,0.0095962316625534,0.0255690715708505,0.00497350387732859,0.0140936822720269,0.00621374791726695,0.0103854778697869,0.0513761697756286,0.00568758377911128,0.00403392505919347,0.0199065432268895,0.0125402452927101,0.0165365871991782,0.0187164100572517,0.0164363654585771,0.00819312729413828,0.0543702942760858,0.00519900279368102,0.0512133094471518
52,0.0172651933701657,0.0355662983425414,0.0402749874434957,0.00599573078854847,0.0202787543947765,0.00630964339527875,0.0055876443997991,0.0367591662481165,0.0227272727272727,0.0105160723254646,0.0115833751883476,0.00916624811652436,0.00612129583124058,0.00838146659969864,0.00665494726268207,0.0192114515318935,0.0314854344550477,0.00948016072325465,0.0413108990457057,0.0116461577096936,0.00612129583124058,0.00700025113008538,0.0147225012556504,0.0157270215971873,0.0195567553992968,0.0128704168759417,0.0135924158714214,0,0.00511677548970367,0.0474949773982923,0.00678051230537418,0,0.0195567553992968,0.01648041185334,0.00684329482672024,0.0102649422400804,0.0226017076845806,0.0173907584128579,0.0442302862882973,0,0.0437594173782019
53,0.0251249493448602,0.0416722950155342,0.0245677428069702,0.00408618127786033,0.0238416858030528,0.00616304200999595,0.00678778873429691,0.031608807240308,0.0248547885992165,0.0191307578008915,0.0189619073348642,0.00607861677698231,0.00425503174388761,0.00648385789544779,0,0.0163953802512495,0.0281136025935432,0.00959070647034986,0.0268641091449412,0.0131534513035256,0.00874645414021343,0.0145380251249493,0.0286032689450223,0.0172058624881805,0.0249223287856275,0.00459273267594219,0.0143016344725111,0.00602796163717412,0.0110259354315818,0.0696677022828583,0.00460961772254492,0.00769958125084425,0.0208023774145617,0.0113467513170336,0.00763204106443334,0.00962447656355532,0.0388524922328786,0.00589288126435229,0.053137241658787,0.00612927191679049,0.0484938538430366
54,0.0176502713191806,0.0285959958633992,0.0278174783002754,0.00937706975284972,0.0254005879550551,0.00950488606918349,0.00833129989193711,0.0330347079397172,0.0349635723498449,0.0104460789440048,0.0127467726380126,0.00366019451319413,0.00977213836697226,0.00827320156633086,0.00928411243187971,0.0209618758787372,0.0270041017417878,0.0110386818651886,0.0630599226130303,0.0142689487688965,0.00611194385377813,0,0.00779679529635956,0.00446195140656046,0.0336040715306585,0.00675102543544695,0.0149777483412928,0.00449681040192422,0.0131418412521351,0.0440850094700271,0.00818024424536085,0,0.0222981373676811,0.0127932512984976,0.0166858391141167,0.0176618909843018,0.0172900617004218,0.00683236309129571,0.0568434017731609,0.00583307189086811,0.0530902499389968
55,0.0189866638101869,0.0424187242247335,0.0246639173049114,0.00648063842322318,0.0311445557281345,0.00441861710674308,0.0100423116062343,0.0441326120721975,0.0250656097691607,0.0112473889989824,0.0114616249799154,0.00824808526592041,0.00701622837555567,0.00623962294467356,0.0121578919179476,0.0264581436452252,0.0315194686947673,0.0157195651009587,0.0483905521932409,0.0156392266081088,0.00372235016871084,0,0.0123989073964972,0.0103101065824005,0.031037437737668,0.0093192651705854,0.0159338010818917,0,0.0126131433774302,0.0461142948958278,0.00540945851855819,0,0.0184510738578544,0.0100155321086176,0.0072572438541053,0.0111402710085159,0.0230035884526806,0.0147287236891436,0.0577901558566761,0.00407048363772696,0.0437309196079482
56,0.0297632878303805,0.0261545164101075,0.0284417659018298,0.00623003194888179,0.0249201277955272,0.0071158873075806,0.00565640429857682,0.0438425791460935,0.0297197211733953,0.0119300029044438,0.0216961951786233,0,0.0061864652918966,0.0132878303804821,0.0056273598605867,0.0180365959918676,0.0285288992158002,0.00734098170200407,0.0263650885855359,0.0142826023816439,0.0128013360441475,0.00429857682253848,0.0220592506534999,0.00660760964275341,0.0318690095846645,0.00490124891083358,0.0159744408945687,0.0108771420273018,0.0120026139994191,0.0572683706070288,0.00404443799012489,0.0407783909381353,0.0258713331397037,0.00861167586407203,0.00689079291315713,0.0098605866976474,0.0234243392390357,0,0.0382878303804821,0.00519169329073482,0.0490415335463259
57,0.0159873158485829,0.0284485036665125,0.0248232807029134,0.00873686992138469,0.0218834643588558,0.0156652573165092,0.0157726101605338,0.036177908436282,0.0357567549712625,0.0101654885380194,0.0127915042610821,0,0.0110821166677677,0.0107352844024576,0.00852216423333554,0.0200997555658321,0.0318672788531413,0.00942227654092621,0.0677891920459801,0.0135099425249389,0.00588789059919403,0,0.00570621655546013,0,0.0270364008720354,0.00448404571579573,0.0151037193631499,0.00763030983682368,0.0130557574156042,0.0444688511594107,0.00848087467794147,0,0.0257316509215829,0.0148642399418643,0.0209172887626346,0.0159047367377948,0.0218504327145405,0.00554931624496267,0.0500677148708463,0.00630904406421352,0.049638303494748
58,0.0186229426330136,0.0300255935412722,0.0215568363886057,0.0049938617116461,0.0312116356977881,0.00447366778334963,0.00580536423978859,0.0440708296052769,0.0238456896731101,0.010757610437171,0.012380615493456,0.00470255311180008,0.00636717368234878,0.00703302191056826,0.00447366778334963,0.0137331197070268,0.0247404232297801,0.0112986121225993,0.0318774839260076,0.0150856239205976,0.00547244012567885,0.0112153810940719,0.0171455918766516,0.0288603591418881,0.0181859797332446,0.00794856322437005,0.0109656880084896,0.00432801348342662,0.00609667283963462,0.06246488690984,0.00532678582575584,0,0.0207037183461995,0.0102998397802701,0.00799017873863376,0.0103206475374019,0.0264674670717243,0.0150023928920702,0.0473584552321105,0.00393266609792131,0.0439667908196176
59,0.0136384825527948,0.0342641808186215,0.0186933411808212,0.00562258618130301,0.011661853135653,0.00622156479255808,0.0186933411808212,0.020076200496371,0.047801097432986,0.012878040141984,0.0142687122220284,0.00740910499574204,0.0101982619203254,0.00748462838585681,0.00757056879529776,0.0177479966769708,0.0305661389578293,0.00914874722321328,0.0667574683517932,0.0202116217476112,0,0.00688044126493866,0.0252586676111431,0,0.0276858331141419,0.00815131762273202,0.0160083544494996,0.00695075614539034,0.0167635883506473,0.0499782544721566,0.00548976918489428,0.00509913096016271,0.0321443173857448,0.0114274702008141,0.0105185852646053,0.0229070254982591,0.0118155041707141,0,0.0555774023599757,0.00657574344964804,0.0647443793670098
60,0.0149052303262956,0.0314224448176584,0.0246371161228407,0.00563069817658349,0.016112344049904,0.00494841650671785,0.0090271113243762,0.0238123800383877,0.0357785508637236,0.00890714971209213,0.0144628718809981,0.00571317178502879,0.00913207773512476,0.0067628358925144,0.00603556861804223,0.0168995921305182,0.0387850887715931,0.0122735724568138,0.0607455614203455,0.0153101007677543,0.00399622120921305,0.00842730326295586,0.029053202975048,0.00574316218809981,0.0232350647792706,0.00439359404990403,0.0152126319577735,0.00509087092130518,0.0143279150671785,0.0534129078694818,0.00819487763915547,0.0052033349328215,0.0206858805182342,0.0143878958733205,0.016419745681382,0.0225452855086372,0.0125584812859885,0,0.0640370081573896,0.0059905830134357,0.0574016314779271
61,0.0161996975224909,0.025289614419134,0.0243385253441851,0.00399145578994964,0.0202847030575175,0,0.00636138266523224,0.0297176356861094,0.0336467249793411,0.0108205871805666,0.0154824828102343,0.00930819963515599,0.00715655549838627,0.00979153998472021,0.00536351871774483,0.0139077287681058,0.025445530660929,0.00921464989007905,0.0301230179147762,0.0154512995618754,0.0142195612516956,0.0114754353961052,0.0415984533108814,0.0193959804792865,0.024587991331057,0.00383553954815473,0.0132372889283877,0,0.00449038776369334,0.0644245911096559,0.00498931973743705,0.00952648237366886,0.0176341269470041,0.0107114458113102,0.010196922213387,0.0132061056800287,0.0263186616149804,0.00983831485725868,0.0591078472644495,0.00534792709356534,0.05235667399473
62,0.0144610625359758,0.0352281387773215,0.0191334939046155,0.00550530110331122,0.0103031452891409,0.00812289169799307,0.0191238467648317,0.0182845456036376,0.0436790332279651,0.0126441845433526,0.0149176938190775,0.00822579452235403,0.00854415013522074,0.00657934933257871,0.0046917256482074,0.0163744119264373,0.02700877568149,0.00772414325359436,0.0528759731552257,0.0210629218613835,0,0.0121264547082866,0.0407527341602004,0,0.0298353876381551,0.00762124042923341,0.0169950445858644,0.00948635412077576,0.0170850845571802,0.0504255996501304,0.00427046721097973,0.0144642782492371,0.0331475722972734,0.0100716139343287,0.00858917012087866,0.0183070555964666,0.0114479392101565,0,0.0590887311760185,0.0080232045868934,0.069616976393449
63,0.0232438349108235,0.031145083105678,0.0244120054821233,0.00504980821766605,0.0210730612507703,0.00544533053708252,0.00729416742551763,0.067441154557245,0.0255985724403727,0.0103203730787273,0.0134753534405843,0.00698142884737438,0,0.0109274538480642,0,0.0126475160278521,0.0281280756459431,0.00775407709925771,0.0316509837467921,0.012794687123449,0.00688944691262636,0.00911540973352833,0.0253594194100279,0.0125095431257301,0.0219560878243513,0.00757011322976168,0.0168970814132104,0,0.00568448356742736,0.0455034631198433,0.00625477156286505,0.0147814969140061,0.0156277307136878,0.00883946392928429,0.0127670925430246,0.00788285180790493,0.016869486832786,0.00638354627151228,0.0312370650404261,0,0.0451079408004268
64,0.0157141683178261,0.0207361279777938,0.0225531642911276,0.00329623170408788,0.0181703631333376,0.00373451181986687,0.00897561153772405,0.0819675124864179,0.0265707320191017,0.00646463170774021,0.0166546443996019,0,0.00429149280033601,0.0104456760927328,0.00408148357819191,0.0116874697541066,0.0241601913823172,0.00614505245665136,0.0241601913823172,0.0125914224929008,0.00559720231192761,0,0.0204074178909596,0.0064920242149764,0.0225075101124006,0.0077794720550772,0.0122535815703211,0,0.0130297026086798,0.0494526063970635,0,0.0637514951743533,0.0186999516065706,0.00785251874104037,0.0114957222034533,0.0100621809914261,0.0109204795514933,0,0.0409244058108639,0.00417279193564587,0.0452798144614177
65,0.0141697034721323,0.0253241828372704,0.0189607650899943,0.00536450914741301,0.0194047244677112,0,0.00860171294326569,0.0941008897685862,0.0270075288111138,0.00693686527682717,0.0168519580458388,0.00499454299931556,0,0.00932314693205572,0.00508703453633993,0.00936014354686546,0.0266560609704212,0.00586396344734457,0.0264155829741579,0.0113764590539966,0.00493904807710095,0,0.0238628165522855,0.00664089235834921,0.01522410699421,0.00606744482879816,0.0151131171497808,0,0.0142806933165615,0.0432305444051869,0.00468007177343273,0.0448953920716254,0.0186092972493017,0.00821324848776337,0.00849072309883646,0.00974860800236778,0.0110434895207089,0,0.0371446012689839,0.00399563439945245,0.0443404428494793
66,0.0235066577400878,0.028660694360315,0.0170667686847111,0.00504776782393386,0.0147182282866282,0,0.0108819247404385,0.0506370814337786,0.035302494128649,0.00563224620354725,0.0162591258328817,0,0.00523905165726188,0.00906472832382228,0.0041338561758111,0.00963857982380634,0.0380867365915346,0.0120933890181826,0.0561099244428858,0.0137299284811001,0.00806580163866484,0,0.0304991445361898,0.00642926217574733,0.0162910064717697,0.00889469824975292,0.0120721352589239,0.00472896143505383,0.0144100487773775,0.041497964952551,0.00748132325905145,0.00601481387020329,0.018777696305034,0.0119552395830012,0.0175343513884018,0.0162484989532524,0.0136555403236948,0.0057385149998406,0.0436020871191592,0,0.0559505212484458
67,0.0199572281726136,0.0351669609817998,0.0333389534213025,0.0106574615541614,0.0140117666894428,0.0100007986440798,0.0115093485726456,0.0442182605531941,0.0337027801687801,0.0143667196138112,0.0129912770318836,0,0.00696595114072996,0.0105066065613048,0.00718779671846021,0.018368813836065,0.0228944636217622,0.0079598193289615,0.0498087691119965,0.0155203166180085,0.00675297938610892,0,0.0038512392293972,0,0.0297982980007277,0,0.0177920153339663,0.00583897560586027,0.0149878872314559,0.0465077069153704,0.00741851611929968,0,0.0222200530654622,0.0113762412260074,0.0177653938646387,0.0142691075596099,0.029558704776779,0,0.0521692060590464,0.00709905848736811,0.0463124828069677
68,0.0164035462001612,0.0420874223676101,0.0334708197032191,0.00968330725833215,0.0134286256103921,0.0110107618641255,0.00821362537334661,0.0333404446972929,0.0366353766652444,0.0226852510311478,0.0127530460342294,0,0.00827288673967667,0.012409330109515,0.00930403451381975,0.0166998530318115,0.0273668989712227,0.0091618072346276,0.0562271843739629,0.0136182619826483,0.00721803441900156,0,0.00439719338169061,0,0.0311003650500166,0,0.0173043189683781,0.00463423884701086,0.0137249324420424,0.0469942634997393,0.00986109135732233,0,0.0204096145640734,0.0108092732186033,0.0169961598634618,0.0217133646233348,0.0283387853790357,0,0.0455838429810838,0.00722988669226758,0.0497439908974541
69,0.0339059392561898,0.0341900478826978,0.0252787382805192,0.00576532627450437,0.0151547699066599,0.00552279452016825,0.0116345947294385,0.0414729299914767,0.0297205341242178,0.00965969330127295,0.0135194129345649,0.00415768721719065,0.00595935167797327,0.00973591756692144,0.00658300476055186,0.0161318264026997,0.0297551815176944,0.0084331755722017,0.0436210683870252,0.0155220322775118,0.00700570296096625,0.00898753386782712,0.0164297939865984,0.00460810333238631,0.0271219796134737,0.00768479187310739,0.0120503634511576,0.00828072704090471,0.0118840559624699,0.0528511340091885,0.0072205168005211,0.00525947432974617,0.0214398070833131,0.0155636091496837,0.0183423301065061,0.0185779323821469,0.019735155324265,0,0.0460602448877771,0.0056198072219027,0.0487211647067791
70,0.0165605095541401,0.0410234265356796,0.0353449206520566,0.00751376443916658,0.0234481269567095,0.0050523588470258,0.00574327971499514,0.0420598078376336,0.0259958976573464,0.0204901219907158,0.0116808809241067,0.0066501133542049,0.00535463672676239,0.00615351398035194,0.00662852207708086,0.0144013818417359,0.0295800496599374,0.00643420058296448,0.036597214725251,0.010320630465292,0,0.00671488718557703,0.0167116484940084,0.010838821116269,0.0197776098456224,0.00649897441433661,0.0120263413580913,0,0.00455575947317284,0.0432689193565799,0.00647738313721257,0.00811832019863975,0.013386591816906,0.00844218935550038,0.0086581021267408,0.0137104609737666,0.0269027312965562,0.0188923674835367,0.035064234049444,0,0.0430961891395876
71,0.0199565532223027,0.0327105961863384,0.0266473569876901,0.0110934105720492,0.0230943760559981,0.00488534878107651,0.00506879073135409,0.0469997586290128,0.0248901762008207,0.0169635529809317,0.0132174752594738,0.00710596186338402,0.00571566497706976,0.00860246198406952,0,0.0138740043446778,0.0294665701182718,0.00897900072411296,0.0281535119478639,0.0134781559256577,0.00518464880521361,0.0108423847453536,0.023915037412503,0.0115954622254405,0.0243688148684528,0.00844798455225682,0.0117499396572532,0.00464397779386918,0.00439295196717355,0.0593965725319817,0.00644943277818006,0.00600531016171856,0.0173787110789283,0.0080231716147719,0.0107651460294473,0.0111706492879556,0.0332512671976828,0.00804248129374849,0.0365435674631909,0.0055032585083273,0.0437364228819696
72,0.0249259929282131,0.0321005673875504,0.0321314036674616,0,0.0243298248499301,0.00673258778061015,0.00506742866540581,0.0255221610064962,0.0271873201217005,0.0136193569607763,0.018244798947455,0.00709234437957405,0.00491324726584985,0.00715401693939643,0,0.0141127374393553,0.0270125812022038,0.0112757996875257,0.0296747800345366,0.0164871309925171,0.0104637776498643,0.00990872461146287,0.0276704218403092,0.0190979360249979,0.029890633993915,0.00440958802730039,0.0180083874681358,0.00797631773702821,0.00658868514102459,0.063430227777321,0.00538607022448812,0.00523188882493216,0.0189848696653236,0.010299317490338,0.00962091933229175,0.0139585560397994,0.0286366252775265,0.00515993750513938,0.0466655702656032,0.00599251706274155,0.0467683578653071
73,0.0181715614209033,0.0290950117952751,0.032804540326165,0.00598311053369346,0.0229922390509077,0.00506000205135218,0.00630790796266539,0.0991315942425382,0.0246846046018667,0.0109918287804711,0.0109063557728469,0,0.00524804266812541,0.00637628636876474,0,0.0122226400902595,0.0287531197647783,0.00731648945263086,0.0362234606311327,0.0105986529453998,0.00623952955656604,0,0.00839344934869568,0.00471811002085541,0.0238298745256248,0.00741905706177989,0.0191630483093439,0.00704297582823344,0,0.0386337994461349,0.00528223187117508,0,0.016718520291292,0.0109063557728469,0.0162569660501214,0.0131115593695511,0.0195904133474649,0.0107012205545489,0.0383260966186878,0,0.039368867311703
74,0.0189601269780193,0.0272425568755712,0.0386128613342312,0.00718580154874706,0.0171324130633447,0.00496368621037949,0.00959068827858208,0.0707325284979078,0.0314462988793228,0.014708287239671,0.0129863883411091,0,0.00734933384637584,0.00820547352219711,0.00556009811937858,0.0150064931941706,0.0264345149343466,0.00556971766629792,0.0414313885815978,0.0134769852339955,0.00736857294021452,0,0.00683949785965081,0.00589678226155548,0.0268192968111202,0.00620460776297436,0.0202010485306142,0.00816699533451974,0.00960992737242076,0.045538935116156,0.00526189216487903,0,0.0191428983694868,0.0128324755903997,0.0158530133230725,0.0127458996681256,0.0199797989514694,0.0103217738444519,0.0399980760906161,0.00469433889663797,0.0400076956375355
75,0.0164912499221523,0.0105997384318366,0.00853210437815283,0,0,0.00572958834153329,0.0256585912686056,0.00734881982935791,0.0465964999688609,0,0.00607834589275705,0,0.0100641464781715,0.0173880550538706,0.0181852151709535,0.0328703992028399,0.0172634987855764,0,0.0851964875132341,0.0223952170392975,0.0118702123684374,0,0.00562994332689793,0,0.0245624961076166,0.0049324282244504,0.00696269539764589,0.00381142180980258,0.018969919661207,0.0412405804322103,0,0,0.0216852463100206,0.0382014074858317,0.0138008345269976,0.0121193249050258,0.0318490378028274,0,0.0652799402129912,0.00754810985862864,0.0683191131593697
76,0.0169786999653612,0.0309307621108102,0.0279779447255299,0.00733093700845528,0.0164222074581353,0.00498571858514619,0.0135375320125154,0.0262800747289938,0.0416347251324509,0.0121463007444507,0.016149639699494,0.00456550995724093,0.00898905754018955,0.00867106182177476,0.00605327563982442,0.0206981141718199,0.0339176504659205,0.00998279416023577,0.0605895413479611,0.0180405785250677,0.00650755523755984,0.0102723974037921,0.0233499713236004,0.00743314991794575,0.0268990306809083,0.00439515510809015,0.0164505999329938,0.00522989386892898,0.00993168770549054,0.0592153455648115,0.00586020681078687,0,0.022691265906884,0.0129072190706575,0.012066801814847,0.0216293873471775,0.0130775739198083,0,0.0648597695666741,0.00683690794591801,0.054604407647797
77,0.0159539842873176,0.0338383838383838,0.0289169472502806,0.00645903479236813,0.0138103254769921,0.00585297418630752,0.00864758698092031,0.0170987654320988,0.0358305274971942,0.00714365881032548,0.014040404040404,0.00414702581369248,0.00828282828282828,0.00919753086419753,0.00684062850729517,0.0205948372615039,0.0361896745230079,0.0107856341189675,0.0544556677890011,0.0141582491582492,0.00860830527497194,0.00607744107744108,0.0163636363636364,0.0050280583613917,0.0264085297418631,0.00526374859708193,0.0143602693602694,0.0046969696969697,0.0161560044893378,0.0540460157126824,0.00877104377104377,0,0.01662177328844,0.015662177328844,0.0289955106621773,0.0256004489337823,0.0116105499438833,0,0.0581705948372615,0.00598765432098765,0.0566049382716049
78,0.0186675571881783,0.0282100517615629,0.0283603272666555,0.00657872766739022,0.0120387376857572,0.00606111203873769,0.0106278176657205,0.0169393888796126,0.0341709801302388,0.0082401068625814,0.0130823175822341,0,0.00787276673902154,0.0104274503255969,0.00668725997662381,0.0239522457839372,0.0286608782768409,0.00811487727500417,0.0506929370512606,0.0212973785273,0.0111370846552012,0.00529303723493071,0.0174987477041242,0.00419101686425113,0.0340374019034897,0.00677909500751378,0.0115461679746201,0.00583569878109868,0.0172065453331107,0.0535147770913341,0.00719652696610453,0,0.0174820504257806,0.0171731507764234,0.0200534312906996,0.0183169143429621,0.0152780096844214,0,0.0520537652362665,0.00763900484221072,0.0542244114209384
79,0.0497013084383389,0.0332914117106441,0.0208479454373957,0.00436549205504632,0.0209446876436017,0.00568360461460324,0.00540547077176095,0.0437153844293419,0.0269547972041502,0.0137132077297023,0.0171475560500157,0.00765472706605074,0.00489757418917938,0.00845285026725034,0,0.0125764868067816,0.0233511500229763,0.00801751033932329,0.0222023363242799,0.0203037705274869,0.00415991486685854,0.00917841681379544,0.0509105860159141,0.00956538563861949,0.0254432002321813,0,0.017425689892858,0,0.00564732628727598,0.0617094347836602,0.00417200764263429,0.0322272474423779,0.0195298328778388,0.00786030425423852,0.00604638788787578,0.00925097346844995,0.017474060995961,0,0.0358188018477761,0,0.042107045251167
80,0.0150123448263955,0.030430428702153,0.0201401957906732,0.00457535523748684,0.0134325523576029,0.00473937740637787,0.0128109946649631,0.0200970320620176,0.0332360710647629,0.0116973704656503,0.0162295619744816,0.0115851447711459,0.00493793055819334,0.00587026709715292,0.00424731089970476,0.0159274158738929,0.0342461023153024,0.00757091800618105,0.0522194789274677,0.01723096047929,0,0.0162986239403305,0.061180268996357,0.0060860857404306,0.025276679500682,0,0.0161259690257083,0.00547316079352199,0.0141490702532848,0.0653585179302129,0.0044113330685958,0.0161346017714394,0.0214178421588771,0.0120599457863568,0.00831333413905627,0.0154871458416064,0.0105405825376819,0,0.0683886116818315,0.00634506811236382,0.0569502235881144
81,0.0216374406468901,0.0287480607399746,0.0185463776973344,0.00494805133750176,0.0259625781580556,0,0.00888533684358986,0.0553335527243665,0.0288420854684782,0.00726341027690283,0.0191222791594189,0.00452494005923558,0,0.00846222556532368,0,0.0140214376380988,0.0341192233557426,0.0114592637863758,0.0283719618259602,0.0154200554745898,0.00653471863099995,0,0.0355531004654224,0.00814489210662404,0.0206501809976024,0.00820365756193879,0.0106600535940952,0.00680503972544779,0.0110949179634244,0.0454962155046777,0.00759249682666541,0.0267617883503361,0.0145033143716798,0.00847397865638663,0.00979032485543698,0.0114004983310611,0.0192750693432373,0.00732217573221757,0.0328733957030699,0,0.0445324620375159
82,0.0161364191499756,0.0326239618954568,0.0173729848558867,0.00587750366389839,0.0227009037616023,0.00494626282364436,0.00725146555935515,0.0469436980947728,0.0335857352222765,0.00661028334147533,0.0196629213483146,0.00578590620420127,0.00499206155349292,0.00787738153395213,0.00694614069369809,0.0121824621397167,0.0390510503175379,0.0130526380068393,0.0287768685881778,0.0151135808500244,0.00625915974596971,0,0.0400128236443576,0.00618282852955545,0.0194491939423547,0.00703773815339521,0.0108237664875427,0.00534318514899853,0.0143350024425989,0.0477680752320469,0.00816744015632633,0.0392800439667807,0.0162890815828041,0.0079842452369321,0.0121824621397167,0.0130679042501221,0.0132205666829507,0,0.0363641914997557,0,0.0482718612603811
83,0.0181333195214171,0.028222924327964,0.0268503651525354,0.00590977365722277,0.0170559900554203,0.00369296110219092,0.0109908323406019,0.0373750453203501,0.0354120267260579,0.00698192365463303,0.013844719531776,0,0.00748951157611229,0.00737038379862226,0.00651577148184596,0.0151758429585125,0.0354379240689905,0.017330501890506,0.0719428186668048,0.0110063707463614,0.00632931061273113,0,0.0284767182887036,0,0.0220179209613094,0.00841663645309991,0.0102087325840369,0.00642254104728855,0.00955094007354846,0.0458279380535557,0.00620500336665458,0.011923136686176,0.0210182835241104,0.0126896980369814,0.0165535816025276,0.0129590304034806,0.0175739369140726,0.00421608742942974,0.0582897394727301,0.00507069974620604,0.0518309421453359
84,0.0210492833888411,0.0333701305991094,0.0257362571567564,0.00565056318527111,0.0200202073120533,0.00447180331549601,0.00726901919694645,0.0354002170414998,0.0312464917861019,0.00837293717022789,0.0157822849231,0,0.00619316693485013,0.00727837443400816,0.00541668225872844,0.0126763462186132,0.0424353553119036,0.0117969539348127,0.048460127979643,0.0100568798413352,0.00855068667440033,0.00486472327208772,0.0367193054672005,0,0.0189724207611421,0.00937394753583056,0.00878456760094301,0.00446244807843431,0.0123863338697003,0.0503685963402313,0.00758709725704449,0.0158290611084085,0.014088987014931,0.0115537177712083,0.0141264079631778,0.0166897429180855,0.0160161658496426,0,0.0466826329379187,0,0.0434176552033829
85,0.0293669113909283,0.0287085725714381,0.0274002283352361,0.00536671138926158,0.020150167918066,0.00983341527846065,0.00724172701439179,0.036350302919191,0.026766889724081,0.0121584346536221,0.0183668197234977,0.00538337819481829,0.00516670972258102,0.00993341611180093,0.00448337069475579,0.0179251493762448,0.0288419070158918,0.00738339486162385,0.0322669355577963,0.017650147084559,0.0101750847923733,0.00888340736172802,0.0468087234060284,0.00694172451437095,0.0296085800715006,0.00451670430586922,0.0154584621538513,0.00817506812556771,0.0120917674313953,0.0668005566713056,0.00420836840307003,0.0283502362519688,0.0251335427795232,0.00841673680614005,0.00899174159784665,0.0090584088200735,0.0168251402095017,0,0.035508629238577,0.0050750422920191,0.0531921099342495
86,0.0226581960282456,0.026405996480724,0.0209328366735986,0,0.0164766105258347,0,0.00766699421833223,0.0385520692886035,0.0227838844580543,0.0100093695011312,0.0173335770927124,0.0108092049635504,0.00475330789094815,0.00796407596151649,0,0.0136314815238008,0.0260060787495144,0.00631870015311136,0.0241893096277337,0.0149797755890217,0.0100665006055897,0.00631870015311136,0.0458191457757261,0.0104207134532325,0.0223839667268448,0.00485614387897347,0.0154482506455815,0,0.00442194748508878,0.0619758221165932,0.00534747137731667,0.0333074338993121,0.0190018053429009,0.0090495669462282,0.00732420759158116,0.00965515665348842,0.0181562649969149,0.00434196393884687,0.0359354647044037,0,0.0458991293219681
87,0.0295646658117183,0.0286959279637061,0.0226561314965733,0.00814958838373392,0.0194018119389401,0.00501937423295964,0.00612253340503868,0.0618044926157283,0.02414539637888,0.00976295867289952,0.0133758049614584,0.00456432107447703,0.0056399012672541,0.00994222203836236,0,0.013803279140639,0.0240350804616721,0.0082874832802438,0.0250141342268923,0.0138722265888939,0.00623284932224658,0,0.028792454391263,0.0130586466994857,0.0220769729312318,0.00675684992898413,0.0132379100649485,0.00525379555702644,0.0104800121347509,0.0541789048387319,0,0.0291923495911416,0.0199258125456777,0.00919758959720901,0.00915622112825604,0.0111143286586963,0.0223251837449496,0.00603979646713275,0.0335222493415519,0.00490905831575173,0.0394930983604297
88,0.0188542660656115,0.03790595900102,0.0283472080550163,0.0103649106643414,0.0316705603632654,0.0121746569708137,0.0057582837024119,0.0422987068540028,0.0318515349939127,0.0172254943897865,0.014181830147083,0.00439274785298279,0.0100523181204962,0.00992070020729821,0.00690994044289428,0.0188707183047613,0.0278207364022243,0.0110559047086308,0.0438781218123787,0.0110394524694811,0.00796288374847817,0,0.00610378072455661,0.00646572998585107,0.0323615544075549,0.0076338389654832,0.0140995689513343,0,0.00853871211871936,0.043466815833635,0.00824257181402389,0,0.0224244019611069,0.0142969958211313,0.0131946957980981,0.0118620644269685,0.0243657661807772,0.0108913823171334,0.0446349248132671,0.00621894639860485,0.0427264650718963
89,0.0739543449171293,0.0296771287377946,0.0187999311066654,0.0060016693384915,0.0228142927171796,0.00541872573828482,0.00414684879237934,0.0342479365121425,0.0286437287192464,0.0102412591581764,0.0138316617867221,0.00478278726533208,0.00618715139310272,0.00630638985678136,0,0.0156069900237152,0.0271466235641702,0.0106784668583315,0.0371759032313624,0.010744710449264,0.00401436161051418,0.00904887452139006,0.0217014003895123,0.0152492746326793,0.0302865697743743,0.00767100782999245,0.0105857258310258,0.00409385391963328,0.00416009751056585,0.0488745213900555,0.00574994369294771,0,0.0103737463400416,0.00855867194848898,0.0113409027676572,0.0130499874137177,0.0211714516620517,0.0137919156321626,0.0527298983823315,0,0.0477483803442017
90,0.0147269646813502,0.0531734653981494,0.0304965463312915,0.00892740779356184,0.0220252834614883,0.00821060862765541,0.00847126286980321,0.0343411964029715,0.0357096311742474,0.0205916851296755,0.0108171510491333,0,0.00775446370389678,0.0129675485468526,0.00755897302228594,0.0235240453538381,0.0274990225465919,0.00775446370389678,0.0470480907076763,0.011208132412355,0.00632086537208393,0,0.00834093574872931,0.00566922976671445,0.024892480125114,0.00566922976671445,0.0144011468786655,0,0.00430079499543855,0.0501759416134498,0.00762413658282289,0,0.0159650723315522,0.0113384595334289,0.017463834223902,0.0187671054346409,0.0196793952821582,0.00469177635866024,0.0404665710934445,0.00697250097745341,0.0515443763847257
91,0.0166697819844008,0.028870499073901,0.0285221499090894,0.00614284015021496,0.0111131879896005,0.00696698329623273,0.00993219935767813,0.014052915087767,0.0354891332053221,0.0066951010212578,0.0138490033815358,0,0.00891264082652212,0.00916753045931112,0.00548862342605652,0.0235687947118898,0.0330336964094547,0.010212577953746,0.0573246784142466,0.0170776053968632,0.0101106221006304,0,0.0184200241295519,0,0.0244779010688372,0.00519974850889565,0.0118183826403167,0.0067205899845367,0.0196010127614743,0.0485309860830261,0.0070009685806046,0,0.0183095719553433,0.0167547451953304,0.0276810141208857,0.0294312562660368,0.0136620843174905,0,0.054665329912148,0.00614284015021496,0.0623799894645619
92,0.0173535476750603,0.0154947576312044,0.0177311144027185,0,0.00437106096250472,0.00707211524498272,0.0209404315878133,0.0100490836745956,0.043333042897389,0.00422584299032848,0.00848072957509221,0,0.00964247335250211,0.0133310098457785,0.0119514391101043,0.0301182074293515,0.0212744329238187,0.00451627893468096,0.072579942493683,0.0234381807092446,0.0128663123348146,0.00396445064041126,0.00875664372222706,0,0.031294473003979,0.00522784699834452,0.00877116551944469,0.00518428160669164,0.0173825912694955,0.0462228805436961,0,0,0.0241352269756905,0.0275042839301792,0.0209113879933781,0.0210130405739014,0.0203159943074555,0,0.0573610990096134,0.00830646800848073,0.0683250559089193
93,0.012504031194113,0.0279544988126301,0.013500835556598,0,0.00687501832360961,0.00731478495411768,0.0185728106951245,0.00842886041807148,0.0356650737342051,0,0.0106130346829283,0,0.0080184115629306,0.0109355302119675,0.00812102377671582,0.0144829810313993,0.0516579201970155,0.00820897710281744,0.074247266117447,0.0111260957518543,0.00829693042891906,0,0.00960157143275968,0.00363540414553344,0.0152159254155795,0.00417778298982673,0.0126066434078982,0.00546776510598376,0.0229558181125216,0.0412061332786068,0.0119616523498197,0,0.0203025594417896,0.0204198305432584,0.031721832947316,0.0563487642557683,0.0133542466797619,0,0.0581957841039022,0.00414846521445953,0.0730892139904424
94,0.0202221433834566,0.0208771115902082,0.0203858854351445,0,0.00659061758043828,0.00740932783887782,0.0170291733755424,0.0122397183636711,0.0393526730889938,0.00403897060830172,0.0103293944273122,0,0.00836448980705728,0.0118030728925033,0.00933329694621074,0.0217913380454657,0.028395600796878,0.00723194061621592,0.0795786371203231,0.0161013017493109,0.0112709112245176,0,0.00930600660426275,0,0.0239336298883825,0.00444832573752149,0.0118440084054253,0.00560816527031084,0.0250661790792239,0.0449199028463827,0.00592200420271266,0,0.0215730153098818,0.0252845018148077,0.0280544715225282,0.0281499877193461,0.014177332641978,0,0.0592882678819966,0.00633135933193243,0.0719100510329395
95,0.01519515130674,0.0285526994497937,0.0237921251719395,0.00517967675378267,0.0105742778541953,0.00696354883081155,0.0119390474552957,0.0130996389270977,0.0408893569463549,0.00614683631361761,0.0124763583218707,0,0.00822085625859697,0.00863995873452545,0.00664116231086658,0.0168393225584594,0.0422433803301238,0.0104883081155433,0.0693560866574966,0.0144321698762036,0.00819936382393398,0,0.0146793328748281,0,0.023244068088033,0.00502922971114168,0.0124118810178817,0.00559877922971114,0.0180858837689133,0.0485191712517194,0.0078125,0,0.0180428988995873,0.0176990199449794,0.0272416609353508,0.0418780089408528,0.0111653198074278,0,0.0601573246217332,0.00600713548830812,0.0652510316368638
